areas,areaClasses..1..
0,0
6775595008,1
4848716800,2
11092736000,3
137150185472,4
62157107200,5
1787.481201171875,6
106780632.00000001,7
14321376256,8
11828041728,9
5700853760,10
11617.625,11
14299.333984375,12
7149.12109375,13
2681.21044921875,14
16086.1865234375,15
