system:index,area,classes,.geo
0,"[0.0, 6.775595008E9, 4.8487168E9, 1.1092736E10, 1.37150185472E11, 6.21571072E10, 1787.481201171875, 1.06780632E8, 1.4321376256E10, 1.1828041728E10, 5.70085376E9, 11617.625, 14299.333984375, 7149.12109375, 2681.21044921875, 16086.1865234375]","[0, 1, 2, 3, 4, 5, 6, 7, 8, 9, 10, 11, 12, 13, 14, 15]",
