areas,areaClasses
0,0
6775595008,1
4848716800,2
11092736000,3
1.3715E+11,4
62157107200,5
1787.481201,6
106780632,7
14321376256,8
11828041728,9
5700853760,10
11617.625,11
14299.33398,12
7149.121094,13
2681.210449,14
16086.18652,15
