system:index,area,classes,.geo
0,"[1.192793472E9, 1.531956736E9, 5.6668864E8, 8.0276848E7, 2.590768896E9, 6812490.0, 7.737912E7, 1.2514433E7, 4.2451188E7, 1.232241152E9, 2.0297624E8, 7.816927744E9, 1.1768174E7, 1.4577743E7, 2974649.5, 3117417.0, 2.84360512E8, 6863715.0, 1.0082201E7]","[CATCHALL, CF, CG, CS, FC, FF, FG, FS, FW, GC, GF, GG, GS, OO, OS, SS, WC, WS, WW]",
