system:index,area,classes,.geo
0,"[1.4736729088E10, 6.344664576E9, 0.0, 4.922941952E9, 2.00824848E8, 2.00566752E8, 2.00713984E8, 0.0, 7.1268835328E10, 533669.25, 8.01559424E8, 2.01089792E8, 2.0085456E8, 2.00421216E8, 2.00797968E8, 2.00423728E8, 2.00439024E8, 2.01027792E8, 2.00546576E8, 2.00360208E8, 0.0, 1.1977110528E10, 1.40302224E8, 2.01160144E8, 2.00179312E8, 1.211342848E11, 5.027923968E9, 2.01274272E8, 5.916728832E9, 6.079320064E9, 2.00831552E8, 2.01022064E8, 2.00375136E8]","[Area Poblada, Area sin Cobertura Vegetal, Bosque Primario, Bosque Secundario, CF, CG, CS, Catchall, Cuerpo de Agua Artificial, Cuerpo de Agua Natural, Cultivo, FC, FF, FG, FS, FW, GC, GF, GG, GS, Glaciar, Infraestructura, Manglar, OO, OS, Paramos, Plantacion Forestal, SS, Vegetacion Arbustiva, Vegetacion Herbacea, WC, WS, WW]",
